City_ID,City,Country,Date,Lat,Lng,Max Temp,Humidity,Cloudiness,Wind Speed
0,Bluff,NZ,2022-06-12 22:35:50,-46.6,168.3333,43.81,80,98,34.02
1,Muros,ES,2022-06-12 22:35:50,42.7762,-9.0603,69.15,71,45,14.7
2,Vaini,TO,2022-06-12 22:35:51,-21.2,-175.2,80.76,89,40,9.22
3,Ushuaia,AR,2022-06-12 22:35:51,-54.8,-68.3,42.46,93,40,11.5
4,Mayor Pablo Lagerenza,PY,2022-06-12 22:35:52,-19.9309,-60.7718,54.05,26,0,3.53
5,Butaritari,KI,2022-06-12 22:35:52,3.0707,172.7902,82.24,69,15,13.47
6,Kruisfontein,ZA,2022-06-12 22:35:53,-34.0033,24.7314,68.88,35,100,5.84
7,La Ronge,CA,2022-06-12 22:35:53,55.1001,-105.2842,61.05,67,75,9.22
8,Shubarshi,KZ,2022-06-12 22:35:54,48.5872,57.1869,59.2,79,44,11.1
9,East London,ZA,2022-06-12 22:35:54,-33.0153,27.9116,75.9,29,100,11.59
10,Khatanga,RU,2022-06-12 22:35:54,71.9667,102.5,61.92,40,100,10.78
11,Riyadh,SA,2022-06-12 22:35:03,24.6877,46.7219,86.14,14,0,2.51
12,Inuvik,CA,2022-06-12 22:35:55,68.3499,-133.7218,45.36,73,100,9.22
13,Petropavlovsk-Kamchatskiy,RU,2022-06-12 22:31:15,53.0452,158.6483,55.99,51,0,6.71
14,Mount Isa,AU,2022-06-12 22:35:56,-20.7333,139.5,49.77,66,0,3.44
15,Los Llanos De Aridane,ES,2022-06-12 22:35:56,28.6585,-17.9182,67.75,94,100,8.05
16,Irtyshskiy,RU,2022-06-12 22:35:57,58.3333,68.1333,55.54,97,100,9.1
17,Atuona,PF,2022-06-12 22:35:57,-9.8,-139.0333,77.9,67,73,16.42
18,Saint George,US,2022-06-12 22:33:40,37.1041,-113.5841,105.64,6,0,20.71
19,Fortuna,US,2022-06-12 22:35:58,40.5982,-124.1573,61.14,88,100,13.8
20,Saint-Pierre,RE,2022-06-12 22:33:24,-21.3393,55.4781,70.92,94,75,20.71
21,Torbay,CA,2022-06-12 22:35:59,47.6666,-52.7314,69.76,60,20,18.41
22,Port Alfred,ZA,2022-06-12 22:35:59,-33.5906,26.891,78.19,26,100,8.99
23,Bathsheba,BB,2022-06-12 22:36:00,13.2167,-59.5167,83.01,78,20,19.57
24,Punta Arenas,CL,2022-06-12 22:32:25,-53.15,-70.9167,48.31,81,75,5.75
25,Qasigiannguit,GL,2022-06-12 22:36:00,68.8193,-51.1922,35.85,92,100,2.93
26,Upernavik,GL,2022-06-12 22:36:01,72.7868,-56.1549,30.49,75,91,8.72
27,Muzhi,RU,2022-06-12 22:36:01,65.3667,64.6667,45.5,61,100,14.27
28,Kapaa,US,2022-06-12 22:34:53,22.0752,-159.319,84.18,74,20,16.11
29,Esperance,AU,2022-06-12 22:36:02,-33.8667,121.9,53.44,65,13,29.82
30,Tevaitoa,PF,2022-06-12 22:36:02,-16.7833,-151.5,79.41,74,57,23.76
31,Bacolod,PH,2022-06-12 22:36:03,10.6667,122.95,80.94,77,93,0.98
32,Skibotn,NO,2022-06-12 22:36:04,69.3913,20.2679,47.26,94,100,2.66
33,Hofn,IS,2022-06-12 22:36:04,64.2539,-15.2082,50.18,91,91,9.42
34,Tiksi,RU,2022-06-12 22:36:05,71.6872,128.8694,43.05,72,41,4.52
35,Vila Velha,BR,2022-06-12 22:36:05,-20.3297,-40.2925,71.55,92,100,15.01
36,Hilo,US,2022-06-12 22:33:42,19.7297,-155.09,93.27,78,100,6.91
37,Sao Filipe,CV,2022-06-12 22:36:06,14.8961,-24.4956,73.54,84,8,1.32
38,Vitim,RU,2022-06-12 22:36:06,59.4511,112.5578,56.46,55,76,0.47
39,Ojuelos De Jalisco,MX,2022-06-12 22:36:07,21.8667,-101.5833,79.84,18,19,22.01
40,Ola,RU,2022-06-12 22:36:08,59.5833,151.2833,46.15,86,71,5.48
41,Luderitz,NA,2022-06-12 22:36:08,-26.6481,15.1594,58.95,62,9,5.06
42,Longyearbyen,SJ,2022-06-12 22:36:09,78.2186,15.6401,39.04,87,100,2.3
43,Hermanus,ZA,2022-06-12 22:36:09,-34.4187,19.2345,65.8,76,100,20.13
44,Jamestown,US,2022-06-12 22:31:47,42.097,-79.2353,73.06,43,97,1.01
45,Kahului,US,2022-06-12 22:36:10,20.8947,-156.47,84.22,73,40,27.63
46,Amahai,ID,2022-06-12 22:36:11,-3.3333,128.9167,78.85,83,88,2.39
47,Juneau,US,2022-06-12 22:37:11,58.3019,-134.4197,52.21,93,100,5.75
48,Erzin,TR,2022-06-12 22:37:12,36.9559,36.2,67.03,88,12,3.85
49,Georgetown,MY,2022-06-12 22:33:46,5.4112,100.3354,76.95,99,20,2.3
50,Guymon,US,2022-06-12 22:37:12,36.6828,-101.4816,105.8,12,0,18.41
51,Wattegama,LK,2022-06-12 22:37:13,6.7989,81.4808,73.98,89,100,3.76
52,Faanui,PF,2022-06-12 22:37:13,-16.4833,-151.75,79.79,75,39,23.49
53,Kaitangata,NZ,2022-06-12 22:37:14,-46.2817,169.8464,41.27,95,62,15.52
54,Tuatapere,NZ,2022-06-12 22:37:14,-46.1333,167.6833,46.56,83,100,20.69
55,Mataura,NZ,2022-06-12 22:37:15,-46.1927,168.8643,43.48,96,80,13.31
56,Senanga,ZM,2022-06-12 22:35:42,-16.1167,23.2667,53.11,53,1,3.0
57,Coquimbo,CL,2022-06-12 22:33:16,-29.9533,-71.3436,51.53,87,40,9.22
58,Jamai,IN,2022-06-12 22:37:16,22.2,78.5833,79.99,64,48,5.64
59,Milazzo,IT,2022-06-12 22:37:17,38.2212,15.2383,75.24,62,0,7.0
60,Busselton,AU,2022-06-12 22:37:17,-33.65,115.3333,59.5,73,100,22.03
61,Tecolutla,MX,2022-06-12 22:37:18,20.4833,-97.0167,94.86,70,3,23.17
62,Punta Alta,AR,2022-06-12 22:36:25,-38.8759,-62.0736,53.24,56,96,8.39
63,Saskylakh,RU,2022-06-12 22:37:18,71.9167,114.0833,63.82,41,8,7.87
64,Sao Joao Da Barra,BR,2022-06-12 22:37:19,-21.6403,-41.0511,68.18,80,95,16.06
65,Srednekolymsk,RU,2022-06-12 22:37:19,67.45,153.6833,64.58,31,11,4.47
66,Odienne,CI,2022-06-12 22:37:20,9.51,-7.5692,75.9,79,54,5.46
67,Kamenka,RU,2022-06-12 22:37:20,51.3223,42.7678,55.98,73,1,8.19
68,Yumen,CN,2022-06-12 22:37:21,40.2833,97.2,65.93,11,0,4.81
69,Bethel,US,2022-06-12 22:37:22,41.3712,-73.414,71.02,86,98,6.96
70,Sabang,ID,2022-06-12 22:37:22,5.8933,95.3214,82.49,71,98,6.71
71,Roebourne,AU,2022-06-12 22:37:23,-20.7833,117.1333,72.41,56,52,9.17
72,Marsh Harbour,BS,2022-06-12 22:34:41,26.5412,-77.0636,82.45,78,96,10.11
73,Marrakesh,MA,2022-06-12 22:35:55,31.6315,-8.0083,84.27,54,40,17.27
74,Halifax,CA,2022-06-12 22:33:48,44.6453,-63.5724,73.29,70,93,5.41
75,Tuktoyaktuk,CA,2022-06-12 22:37:24,69.4541,-133.0374,33.8,93,100,9.22
76,Ponta Do Sol,PT,2022-06-12 22:37:25,32.6667,-17.1,70.72,82,5,1.01
77,Nanortalik,GL,2022-06-12 22:37:25,60.1432,-45.2371,38.12,95,100,12.15
78,Alofi,NU,2022-06-12 22:37:26,-19.0595,-169.9187,80.49,78,3,13.8
79,Aripuana,BR,2022-06-12 22:37:26,-9.1667,-60.6333,76.15,66,98,2.62
80,Moose Factory,CA,2022-06-12 22:37:27,51.2585,-80.6094,60.8,67,100,9.22
81,Turukhansk,RU,2022-06-12 22:37:28,65.8167,87.9833,62.08,78,99,10.2
82,Pacific Grove,US,2022-06-12 22:37:28,36.6177,-121.9166,77.11,78,100,12.66
83,Cape Town,ZA,2022-06-12 22:34:04,-33.9258,18.4232,61.21,85,75,23.02
84,Rikitea,PF,2022-06-12 22:37:29,-23.1203,-134.9692,73.22,71,40,9.98
85,Karasburg,NA,2022-06-12 22:37:30,-28.0167,18.75,57.88,36,7,5.06
86,Alugan,PH,2022-06-12 22:37:30,12.2188,125.4808,82.02,78,83,5.53
87,Fort Morgan,US,2022-06-12 22:37:31,40.2503,-103.8,90.82,15,0,19.57
88,Havelock,US,2022-06-12 22:37:32,34.8791,-76.9013,80.56,90,40,8.05
89,Lata,PT,2022-06-12 22:37:32,40.1629,-8.3327,68.07,78,0,0.92
90,Brae,GB,2022-06-12 22:37:33,60.3964,-1.353,50.23,93,100,20.09
91,Kavieng,PG,2022-06-12 22:37:33,-2.5744,150.7967,82.0,78,80,13.96
92,Chokurdakh,RU,2022-06-12 22:37:34,70.6333,147.9167,60.48,24,8,13.15
93,Pontes E Lacerda,BR,2022-06-12 22:34:46,-15.2261,-59.3353,58.17,55,81,4.68
94,Ribeira Grande,PT,2022-06-12 22:38:35,38.5167,-28.7,62.85,76,14,23.76
95,Smiltene,LV,2022-06-12 22:38:35,57.4244,25.9016,54.55,93,96,4.83
96,Charyshskoye,RU,2022-06-12 22:38:36,51.3978,83.5598,61.86,87,90,4.76
97,Yeppoon,AU,2022-06-12 22:38:36,-23.1333,150.7333,53.38,56,1,4.72
98,Puerto Del Rosario,ES,2022-06-12 22:37:07,28.5004,-13.8627,71.35,78,20,14.97
99,Mar Del Plata,AR,2022-06-12 22:34:02,-38.0023,-57.5575,54.09,68,0,3.44
100,Avarua,CK,2022-06-12 22:38:37,-21.2078,-159.775,82.45,65,75,11.5
101,Denpasar,ID,2022-06-12 22:38:38,-8.65,115.2167,78.46,94,40,3.44
102,Svetlogorsk,BY,2022-06-12 22:38:38,52.6333,29.7333,57.7,94,1,6.29
103,Moosomin,CA,2022-06-12 22:38:39,50.1333,-101.6677,71.44,62,74,7.43
104,Airai,TL,2022-06-12 22:38:40,-8.9266,125.4092,58.12,79,94,3.09
105,Albany,US,2022-06-12 22:37:30,42.6001,-73.9662,69.46,76,96,1.99
106,Lermontovka,RU,2022-06-12 22:38:41,47.1453,134.3383,64.76,63,86,8.97
107,Takoradi,GH,2022-06-12 22:38:42,4.8845,-1.7554,76.8,82,73,6.58
108,Agadez,NE,2022-06-12 22:37:01,19.75,10.25,92.77,11,0,11.52
109,Olafsvik,IS,2022-06-12 22:38:44,64.8945,-23.7142,47.26,83,100,6.17
110,Awjilah,LY,2022-06-12 22:38:45,29.1081,21.2869,73.62,57,0,11.88
111,Provideniya,RU,2022-06-12 22:38:45,64.3833,-173.3,40.32,63,92,1.83
112,Padang,ID,2022-06-12 22:38:46,-0.9492,100.3543,73.45,78,97,1.9
113,Rio Gallegos,AR,2022-06-12 22:38:46,-51.6226,-69.2181,46.45,76,0,1.14
114,Marigot,MF,2022-06-12 22:38:47,18.0667,-63.0833,83.98,71,40,14.97
115,Bengkulu,ID,2022-06-12 22:38:47,-3.8004,102.2655,75.63,85,100,4.32
116,Gornyy,RU,2022-06-12 22:38:48,55.1153,83.9059,61.29,73,96,8.03
117,Antofagasta,CL,2022-06-12 22:38:48,-23.65,-70.4,56.48,83,27,6.22
118,Barmer,IN,2022-06-12 22:36:09,25.75,71.3833,83.16,61,74,11.7
119,Guerrero Negro,MX,2022-06-12 22:38:49,27.9769,-114.0611,73.99,59,14,17.36
120,Akniste,LV,2022-06-12 22:38:49,56.1615,25.7478,50.4,95,85,5.93
121,Saint-Joseph,RE,2022-06-12 22:38:50,-21.3667,55.6167,68.38,85,52,14.54
122,Beringovskiy,RU,2022-06-12 22:38:50,63.05,179.3167,43.3,54,79,0.96
123,Sur,OM,2022-06-12 22:38:51,22.5667,59.5289,81.82,84,2,10.78
124,Dengzhou,CN,2022-06-12 22:38:51,37.8086,120.7508,69.48,72,94,6.22
125,Black River,JM,2022-06-12 22:38:52,18.0264,-77.8487,84.34,64,93,17.0
126,Dikson,RU,2022-06-12 22:38:53,73.5069,80.5464,29.7,95,100,16.89
127,Ocu,JP,2022-06-12 22:38:53,35.0044,135.8683,65.79,78,100,0.36
128,Lorengau,PG,2022-06-12 22:38:54,-2.0226,147.2712,82.81,76,77,10.49
129,Lompoc,US,2022-06-12 22:38:54,34.6391,-120.4579,86.14,68,0,15.99
130,Strelka,RU,2022-06-12 22:38:55,58.0728,93.0344,60.76,89,28,4.21
131,Tasiilaq,GL,2022-06-12 22:38:56,65.6145,-37.6368,37.56,99,100,5.26
132,Cordoba,AR,2022-06-12 22:38:57,-31.4135,-64.1811,65.75,40,0,8.05
133,Nikolskoye,RU,2022-06-12 22:38:57,59.7035,30.7861,57.09,95,95,3.04
134,Shamary,RU,2022-06-12 22:38:57,57.3434,58.2199,48.87,97,100,5.35
135,Bucerias,MX,2022-06-12 22:38:58,20.75,-105.3333,87.98,70,20,11.5
136,Lagos,NG,2022-06-12 22:34:36,6.5833,3.75,80.92,90,100,4.47
137,Qaanaaq,GL,2022-06-12 22:38:58,77.484,-69.3632,29.98,73,7,7.43
138,Ilulissat,GL,2022-06-12 22:36:03,69.2167,-51.1,35.62,75,100,12.66
139,Cherskiy,RU,2022-06-12 22:39:59,68.75,161.3,66.83,30,29,2.89
140,Leningradskiy,RU,2022-06-12 22:40:00,69.3833,178.4167,36.23,76,100,12.59
141,Andapa,MG,2022-06-12 22:40:00,-14.65,49.65,61.34,96,51,3.27
142,Mahibadhoo,MV,2022-06-12 22:40:01,3.7833,72.9667,83.21,73,100,7.81
143,Sola,VU,2022-06-12 22:40:01,-13.8833,167.55,80.37,77,35,11.1
144,Carnarvon,AU,2022-06-12 22:40:02,-24.8667,113.6333,64.47,71,19,14.54
145,Zhicheng,CN,2022-06-12 22:40:02,30.2956,111.5047,70.47,82,32,2.1
146,Poum,NC,2022-06-12 22:40:03,-20.2333,164.0167,75.27,79,100,9.98
147,Hay River,CA,2022-06-12 22:37:22,60.8156,-115.7999,60.78,63,75,12.66
148,Henderson,US,2022-06-12 22:40:04,36.0397,-114.9819,108.84,5,0,29.93
149,Ocos,GT,2022-06-12 22:40:04,14.5094,-92.1933,82.0,72,75,4.59
150,Puerto Carreno,CO,2022-06-12 22:40:05,6.189,-67.4859,78.78,89,40,4.61
151,Ust-Maya,RU,2022-06-12 22:40:05,60.4167,134.5333,55.89,93,100,4.27
152,Evensk,RU,2022-06-12 22:40:06,61.95,159.2333,43.23,86,100,6.04
153,Mogadishu,SO,2022-06-12 22:40:06,2.0371,45.3438,78.55,82,83,19.01
154,Camopi,GF,2022-06-12 22:40:07,3.1655,-52.3158,72.61,99,49,2.13
155,Port Elizabeth,ZA,2022-06-12 22:40:07,-33.918,25.5701,71.1,33,0,8.05
156,Hobart,AU,2022-06-12 22:36:46,-42.8794,147.3294,45.05,83,66,5.64
157,Loukhi,RU,2022-06-12 22:40:08,66.0764,33.0381,53.85,84,100,6.06
158,Neuquen,AR,2022-06-12 22:38:08,-38.9516,-68.0591,48.09,57,0,0.0
159,Bonavista,CA,2022-06-12 22:40:09,48.6499,-53.1147,43.7,94,88,11.03
160,Geraldton,AU,2022-06-12 22:37:45,-28.7667,114.6,61.21,72,100,9.22
161,Te Anau,NZ,2022-06-12 22:40:09,-45.4167,167.7167,36.0,99,98,1.86
162,Senno,RU,2022-06-12 22:40:10,59.5336,33.9167,56.26,97,90,4.16
163,Msowero,TZ,2022-06-12 22:40:10,-6.5333,37.2,64.15,75,65,1.5
164,Baturaja,ID,2022-06-12 22:40:11,-4.1333,104.1667,71.19,98,97,1.81
165,Coracora,PE,2022-06-12 22:40:12,-15.0333,-73.7833,45.9,41,2,3.96
166,La Asuncion,VE,2022-06-12 22:40:12,11.0333,-63.8628,79.11,81,99,18.39
167,Terney,RU,2022-06-12 22:40:13,45.0503,136.6092,56.08,73,0,5.26
168,Maltahohe,NA,2022-06-12 22:40:13,-24.8333,16.9833,55.26,46,0,7.43
169,Chirongui,YT,2022-06-12 22:40:14,-12.9319,45.1483,73.33,67,1,11.86
170,Puerto Ayora,EC,2022-06-12 22:40:15,-0.7393,-90.3518,78.76,92,51,7.0
171,Yulara,AU,2022-06-12 22:40:15,-25.2406,130.9889,50.18,57,0,5.26
172,Ulaangom,MN,2022-06-12 22:40:16,49.9811,92.0667,69.51,46,23,1.81
173,Moerai,PF,2022-06-12 22:40:17,-22.4333,-151.3333,75.87,69,93,14.79
174,Iquitos,PE,2022-06-12 22:40:17,-3.7481,-73.2472,78.84,69,75,4.61
175,Nouadhibou,MR,2022-06-12 22:40:18,20.931,-17.0347,67.98,88,0,20.71
176,Narasannapeta,IN,2022-06-12 22:40:18,18.4167,84.05,82.06,72,86,5.17
177,Clyde River,CA,2022-06-12 22:40:19,70.4692,-68.5914,37.63,65,100,8.05
178,Qaqortoq,GL,2022-06-12 22:40:19,60.7167,-46.0333,38.79,93,99,4.14
179,Ahipara,NZ,2022-06-12 22:40:20,-35.1667,173.1667,57.42,75,78,26.6
180,Mahina,PF,2022-06-12 22:40:20,-17.5065,-149.489,83.97,65,20,6.91
181,Dillon,US,2022-06-12 22:40:22,34.4166,-79.3712,96.78,79,67,3.24
182,Jalu,LY,2022-06-12 22:40:22,29.0331,21.5482,73.98,55,0,12.95
183,Labuhan,ID,2022-06-12 22:40:22,-6.8844,112.2051,77.59,88,97,5.3
184,Bambous Virieux,MU,2022-06-12 22:41:23,-20.3428,57.7575,71.85,88,75,12.66
185,Castro,BR,2022-06-12 22:41:23,-24.7911,-50.0119,40.28,69,0,2.82
186,Fort Saint James,CA,2022-06-12 22:41:24,54.4333,-124.25,63.21,28,80,6.38
187,Chumikan,RU,2022-06-12 22:41:24,54.7183,135.315,40.69,95,99,5.37
188,Khasan,RU,2022-06-12 22:41:25,42.4308,130.6434,55.89,98,100,7.87
189,Khuchni,RU,2022-06-12 22:41:25,41.9499,47.9485,63.82,67,92,4.5
190,Buritama,BR,2022-06-12 22:41:26,-21.0661,-50.1472,57.74,40,100,5.55
191,Tripoli,LY,2022-06-12 22:39:20,32.8752,13.1875,71.62,75,0,4.59
192,Ancud,CL,2022-06-12 22:41:26,-41.8697,-73.8203,50.23,84,100,12.26
193,Copala,MX,2022-06-12 22:41:27,16.65,-98.9833,83.71,68,33,8.28
194,Mahebourg,MU,2022-06-12 22:41:27,-20.4081,57.7,71.89,88,75,12.66
195,Tautira,PF,2022-06-12 22:41:28,-17.7333,-149.15,78.15,68,53,19.08
196,Klaksvik,FO,2022-06-12 22:41:28,62.2266,-6.589,49.12,96,95,14.99
197,Temerloh,MY,2022-06-12 22:41:29,3.4483,102.4176,73.87,97,99,1.52
198,Moree,AU,2022-06-12 22:41:29,-29.4667,149.85,46.49,72,98,5.66
199,Laguna,US,2022-06-12 22:39:16,38.421,-121.4238,85.75,53,0,19.57
200,Helong,CN,2022-06-12 22:38:24,42.5397,128.9972,58.46,99,100,3.65
201,Ulverstone,AU,2022-06-12 22:41:30,-41.15,146.1667,43.38,74,2,5.1
202,Kholodnyy,RU,2022-06-12 22:41:30,62.7167,147.95,53.83,46,1,0.98
203,Husavik,IS,2022-06-12 22:37:35,66.0449,-17.3389,43.18,92,100,4.54
204,Sembe,CG,2022-06-12 22:41:31,1.6481,14.5806,71.82,92,64,2.28
205,Lebu,CL,2022-06-12 22:41:32,-37.6167,-73.65,48.78,90,100,9.08
206,Sakakah,SA,2022-06-12 22:41:32,29.9697,40.2064,90.97,21,0,9.22
207,Saint-Philippe,RE,2022-06-12 22:41:33,-21.3585,55.7679,69.39,88,82,13.62
208,Victoria,HK,2022-06-12 22:40:07,22.2855,114.1577,85.17,87,100,11.99
209,Tura,IN,2022-06-12 22:40:10,25.5198,90.2201,73.45,98,94,7.25
210,Dubbo,AU,2022-06-12 22:41:34,-32.25,148.6167,46.53,93,100,2.3
211,Mountain Home,US,2022-06-12 22:41:34,43.133,-115.6912,60.28,82,100,11.5
212,Pochutla,MX,2022-06-12 22:41:35,15.7432,-96.4661,84.81,67,84,5.21
213,Yar-Sale,RU,2022-06-12 22:41:35,66.8333,70.8333,42.8,81,100,24.87
214,Bath,GB,2022-06-12 22:38:07,51.3779,-2.3591,57.76,85,14,6.98
215,Constitucion,CL,2022-06-12 22:41:36,-35.3333,-72.4167,49.95,90,99,0.85
216,Chapais,CA,2022-06-12 22:41:36,49.7834,-74.8492,56.98,95,98,7.25
217,Tongliao,CN,2022-06-12 22:41:37,43.6125,122.2653,63.84,83,79,16.87
218,Presidencia Roque Saenz Pena,AR,2022-06-12 22:41:37,-26.7852,-60.4388,49.32,59,0,6.22
219,Cabo San Lucas,MX,2022-06-12 22:41:37,22.8909,-109.9124,89.91,35,20,17.27
220,Grand Gaube,MU,2022-06-12 22:41:38,-20.0064,57.6608,72.0,82,81,7.0
221,Sobolevo,RU,2022-06-12 22:41:38,54.4299,31.8996,56.7,93,6,6.89
222,Atherton,GB,2022-06-12 22:39:40,53.5237,-2.4935,57.22,80,46,4.0
223,Namatanai,PG,2022-06-12 22:41:39,-3.6667,152.4333,83.34,67,43,9.48
224,Yellowknife,CA,2022-06-12 22:41:05,62.456,-114.3525,66.72,52,75,11.5
225,Mount Gambier,AU,2022-06-12 22:41:40,-37.8333,140.7667,52.27,76,96,1.3
226,Boa Vista,BR,2022-06-12 22:41:40,2.8197,-60.6733,80.58,74,40,3.44
227,Lagoa,PT,2022-06-12 22:38:26,39.05,-27.9833,61.79,79,17,24.63
228,San Quintin,MX,2022-06-12 22:41:41,30.4833,-115.95,72.32,68,1,15.57
229,Abbeville,FR,2022-06-12 22:39:00,50.1,1.8333,58.96,95,31,8.01
230,New Norfolk,AU,2022-06-12 22:41:41,-42.7826,147.0587,44.71,86,61,1.01
231,Aquiraz,BR,2022-06-12 22:41:42,-3.9014,-38.3911,81.18,80,97,6.98
232,Otjimbingwe,NA,2022-06-12 22:42:43,-22.35,16.1333,60.8,43,0,5.64
233,Londoko,RU,2022-06-12 22:42:43,49.0333,131.9833,63.93,80,100,4.47
234,San Cristobal,VE,2022-06-12 22:42:43,7.7669,-72.225,73.58,95,100,4.25
235,Flin Flon,CA,2022-06-12 22:42:44,54.7682,-101.865,73.24,46,40,6.91
236,Namibe,AO,2022-06-12 22:42:44,-15.1961,12.1522,67.78,64,0,7.18
237,Thompson,CA,2022-06-12 22:42:45,55.7435,-97.8558,75.36,31,75,6.91
238,Hasaki,JP,2022-06-12 22:42:45,35.7333,140.8333,66.29,61,100,5.57
239,Sitka,US,2022-06-12 22:42:46,57.0531,-135.33,51.69,76,100,6.91
240,Kodiak,US,2022-06-12 22:42:46,57.79,-152.4072,62.11,59,0,5.75
241,Pisco,PE,2022-06-12 22:42:46,-13.7,-76.2167,62.65,82,75,8.05
242,Petrolina,BR,2022-06-12 22:42:47,-9.3986,-40.5008,84.25,54,0,5.75
243,Tessalit,ML,2022-06-12 22:42:47,20.1986,1.0114,85.41,28,86,9.64
244,Lavrentiya,RU,2022-06-12 22:42:48,65.5833,-171.0,40.55,61,99,3.09
245,Puerto Escondido,MX,2022-06-12 22:42:48,15.85,-97.0667,83.14,70,99,4.43
246,Birjand,IR,2022-06-12 22:42:49,32.8663,59.2211,70.27,32,0,13.8
247,Arraial Do Cabo,BR,2022-06-12 22:42:49,-22.9661,-42.0278,67.86,68,75,13.8
248,Sao Jose Da Coroa Grande,BR,2022-06-12 22:42:49,-8.8978,-35.1478,76.64,84,7,5.57
249,Awbari,LY,2022-06-12 22:42:50,26.5921,12.7805,81.0,22,0,6.64
250,Karratha,AU,2022-06-12 22:42:50,-20.7377,116.8463,72.36,62,41,9.26
251,Blagodatnoye,RU,2022-06-12 22:42:51,45.3997,42.5867,65.32,48,92,7.0
252,Roald,NO,2022-06-12 22:42:51,62.5833,6.1333,55.99,87,100,17.27
253,Honningsvag,NO,2022-06-12 22:42:52,70.9821,25.9704,42.55,87,100,26.46
254,Nome,US,2022-06-12 22:42:52,64.5011,-165.4064,51.17,57,100,10.36
255,Saint-Georges,GD,2022-06-12 22:39:57,12.0564,-61.7485,82.08,78,20,21.85
256,Arman,RU,2022-06-12 22:42:53,59.7,150.1667,46.02,79,27,5.3
257,Bredasdorp,ZA,2022-06-12 22:42:53,-34.5322,20.0403,62.64,53,100,12.19
258,Honiara,SB,2022-06-12 22:42:54,-9.4333,159.95,84.13,62,16,3.89
259,Lauf,DE,2022-06-12 22:42:54,48.65,8.1333,66.09,90,100,9.22
260,Narsaq,GL,2022-06-12 22:42:54,60.9167,-46.05,48.42,93,99,3.02
261,Poya,NC,2022-06-12 22:42:55,-21.35,165.15,74.35,79,100,4.32
262,Brookhaven,US,2022-06-12 22:42:55,31.5791,-90.4407,91.06,57,21,4.27
263,Matamoros,MX,2022-06-12 22:42:56,25.5333,-103.25,98.53,15,1,12.57
264,Stornoway,GB,2022-06-12 22:42:56,58.2093,-6.3865,51.93,84,100,12.66
265,Cristalina,BR,2022-06-12 22:40:00,-16.7686,-47.6136,61.36,65,71,4.97
266,Bardiyah,LY,2022-06-12 22:42:57,31.7561,25.0865,71.67,89,9,16.15
267,Waingapu,ID,2022-06-12 22:42:57,-9.6567,120.2641,75.13,77,85,8.75
268,Berlevag,NO,2022-06-12 22:42:58,70.8578,29.0864,44.55,70,100,20.71
269,Gitarama,RW,2022-06-12 22:42:58,-2.0744,29.7567,63.09,90,51,3.29
270,Talaya,RU,2022-06-12 22:42:58,61.3833,152.75,49.89,60,100,2.66
271,Omagh,GB,2022-06-12 22:42:59,54.6,-7.3,47.89,95,83,6.93
272,Coahuayana,MX,2022-06-12 22:42:59,18.7333,-103.6833,88.54,60,20,7.07
273,Pevek,RU,2022-06-12 22:43:00,69.7008,170.3133,38.28,66,68,7.23
274,Cochrane,CA,2022-06-12 22:43:00,51.1834,-114.4687,64.2,55,100,8.05
275,Richards Bay,ZA,2022-06-12 22:43:01,-28.783,32.0377,60.42,67,0,9.86
276,Puerto Ayacucho,VE,2022-06-12 22:43:01,5.6639,-67.6236,71.47,97,100,2.37
277,Vanimo,PG,2022-06-12 22:43:02,-2.6741,141.3028,79.45,86,33,6.08
278,Wagar,SD,2022-06-12 22:44:02,16.1525,36.2032,94.19,26,1,8.9
279,Bilibino,RU,2022-06-12 22:44:03,68.0546,166.4372,62.29,36,22,2.44
280,Itarema,BR,2022-06-12 22:44:04,-2.9248,-39.9167,77.0,83,39,8.95
281,College,US,2022-06-12 22:44:04,64.8569,-147.8028,66.99,50,100,1.01
282,Meulaboh,ID,2022-06-12 22:44:05,4.1363,96.1285,75.78,82,100,4.45
283,West Des Moines,US,2022-06-12 22:41:43,41.572,-93.7453,89.19,63,75,10.36
284,Jiaojiang,CN,2022-06-12 22:44:06,28.6803,121.4428,69.01,97,100,2.24
285,Mao,ES,2022-06-12 22:44:07,39.8885,4.2658,68.56,88,0,5.75
286,Fez,MA,2022-06-12 22:44:07,34.0372,-4.9998,93.45,18,75,25.32
287,Tecoanapa,MX,2022-06-12 22:44:08,16.5167,-98.75,84.38,67,13,9.84
288,Kieta,PG,2022-06-12 22:40:25,-6.2167,155.6333,83.84,70,25,5.57
289,Iracoubo,GF,2022-06-12 22:44:08,5.4802,-53.2011,78.24,85,10,6.87
290,Simpang,ID,2022-06-12 22:44:09,-1.2667,104.0833,73.29,98,100,2.8
291,Barrow,US,2022-06-12 22:44:09,71.2906,-156.7887,30.22,80,100,4.61
292,Znamenka,RU,2022-06-12 22:44:10,52.4167,41.4311,54.73,90,0,7.16
293,Kemijarvi,FI,2022-06-12 22:44:10,66.7131,27.4306,52.05,87,100,3.44
294,Fairbanks,US,2022-06-12 22:42:16,64.8378,-147.7164,67.01,50,20,1.01
295,Naze,JP,2022-06-12 22:42:53,28.3667,129.4833,70.72,91,100,22.06
296,Aljezur,PT,2022-06-12 22:44:12,37.3191,-8.8033,70.54,59,1,4.74
297,Khanpur,PK,2022-06-12 22:44:12,28.6453,70.6567,90.66,46,64,12.28
298,Chiredzi,ZW,2022-06-12 22:44:13,-21.05,31.6667,56.43,66,0,2.33
299,Hithadhoo,MV,2022-06-12 22:44:13,-0.6,73.0833,83.62,73,100,9.04
300,Saurimo,AO,2022-06-12 22:44:14,-9.6608,20.3916,60.06,54,1,4.18
301,Kaeo,NZ,2022-06-12 22:44:14,-35.1,173.7833,59.32,80,62,20.24
302,Chekhov,RU,2022-06-12 22:44:15,55.1431,37.4711,58.95,93,8,5.3
303,Makakilo City,US,2022-06-12 22:44:15,21.3469,-158.0858,83.95,55,0,21.85
304,Souillac,MU,2022-06-12 22:44:15,-20.5167,57.5167,71.98,88,75,12.66
305,Nurota,UZ,2022-06-12 22:44:16,40.5614,65.6886,70.2,53,2,3.49
306,Aykhal,RU,2022-06-12 22:40:52,66.0,111.5,58.82,44,24,8.37
307,Winnemucca,US,2022-06-12 22:44:17,40.973,-117.7357,72.1,41,79,31.83
308,Krasnoselkup,RU,2022-06-12 22:44:17,65.7,82.4667,63.14,76,71,6.64
309,Kaseda,JP,2022-06-12 22:44:18,31.4167,130.3167,69.26,89,100,12.97
310,Nanzhou,CN,2022-06-12 22:44:18,29.3596,112.4024,68.58,93,98,3.6
311,Touros,BR,2022-06-12 22:39:29,-5.1989,-35.4608,76.95,83,42,9.15
312,Najran,SA,2022-06-12 22:44:19,17.4924,44.1277,83.05,29,83,7.83
313,Zhigansk,RU,2022-06-12 22:44:19,66.7697,123.3711,50.27,95,100,4.85
314,Sept-Iles,CA,2022-06-12 22:42:44,50.2001,-66.3821,61.32,63,75,9.22
315,Brownsville,US,2022-06-12 22:44:20,25.9018,-97.4975,95.09,62,0,21.85
316,Taksimo,RU,2022-06-12 22:44:20,56.3444,114.8794,64.09,42,18,0.49
317,Toktogul,KG,2022-06-12 22:44:21,41.8708,72.9402,62.69,76,9,0.94
318,Mahbubnagar,IN,2022-06-12 22:44:21,16.7333,77.9833,79.02,61,99,9.24
319,Rawson,AR,2022-06-12 22:44:21,-43.3002,-65.1023,57.79,29,100,8.77
320,Ulladulla,AU,2022-06-12 22:44:22,-35.35,150.4667,50.58,63,4,4.18
321,Vila Franca Do Campo,PT,2022-06-12 22:44:22,37.7167,-25.4333,65.19,84,49,3.18
322,Lishan,CN,2022-06-12 22:44:23,31.8576,113.2951,70.86,80,100,3.47
323,Piskavica,BA,2022-06-12 22:44:23,44.8681,16.9736,58.23,78,0,3.31
324,Mumford,GH,2022-06-12 22:45:24,5.2618,-0.759,77.13,82,66,8.21
325,Severnyy,RU,2022-06-12 22:45:24,50.677,36.5532,60.84,88,0,6.71
326,Asmara,ER,2022-06-12 22:45:25,15.3333,38.9333,65.97,49,98,5.75
327,Flinders,AU,2022-06-12 22:45:25,-34.5833,150.8552,54.37,74,3,7.38
328,Margate,GB,2022-06-12 22:45:26,51.3813,1.3862,61.7,62,90,4.0
329,Whyalla,AU,2022-06-12 22:45:26,-33.0333,137.5833,51.6,76,71,6.33
330,Port Lincoln,AU,2022-06-12 22:43:06,-34.7333,135.8667,52.65,79,99,10.89
331,Okhotsk,RU,2022-06-12 22:45:28,59.3833,143.3,45.1,85,100,6.62
332,Rapar,IN,2022-06-12 22:45:28,23.5667,70.6333,85.46,62,72,6.35
333,Tutoia,BR,2022-06-12 22:45:28,-2.7619,-42.2744,77.97,82,95,6.71
334,Morant Bay,JM,2022-06-12 22:45:29,17.8815,-76.4093,82.02,83,97,12.77
335,Batticaloa,LK,2022-06-12 22:44:39,7.7102,81.6924,80.31,78,100,5.55
336,Lieksa,FI,2022-06-12 22:45:30,63.3167,30.0167,49.23,95,51,4.05
337,Chicama,PE,2022-06-12 22:45:30,-7.8447,-79.1469,59.54,77,27,8.95
338,Yanaul,RU,2022-06-12 22:45:30,56.2719,54.9309,48.61,95,99,8.12
339,Kabala,SL,2022-06-12 22:45:31,9.5833,-11.55,71.92,96,94,4.94
340,Vestmannaeyjar,IS,2022-06-12 22:45:31,63.4427,-20.2734,46.81,90,100,10.11
341,Araxa,BR,2022-06-12 22:45:32,-19.5933,-46.9406,55.76,57,94,5.68
342,Baghdad,IQ,2022-06-12 22:43:54,33.3406,44.4009,82.31,24,0,2.3
343,Ekibastuz,KZ,2022-06-12 22:45:33,51.6667,75.3667,69.37,46,86,10.11
344,Half Moon Bay,US,2022-06-12 22:43:48,37.4636,-122.4286,76.8,85,100,21.85
345,Pangnirtung,CA,2022-06-12 22:45:33,66.1451,-65.7125,32.76,92,97,1.74
346,Batagay-Alyta,RU,2022-06-12 22:45:34,67.8006,130.4114,63.63,36,97,16.67
347,Plettenberg Bay,ZA,2022-06-12 22:45:34,-34.0527,23.3716,66.22,51,100,0.94
348,Marabba,SD,2022-06-12 22:45:35,12.35,32.1833,85.03,50,65,10.13
349,Labuan,MY,2022-06-12 22:45:36,5.2767,115.2417,77.36,100,40,0.0
350,Santa Cruz,BO,2022-06-12 22:44:06,-17.8,-63.1667,64.45,36,0,9.22
351,San Patricio,US,2022-06-12 22:45:36,28.017,-97.5169,100.54,48,51,20.36
352,Hami,CN,2022-06-12 22:45:37,42.8,93.45,79.57,11,0,8.19
353,Talnakh,RU,2022-06-12 22:45:38,69.4865,88.3972,60.21,45,99,4.18
354,Moura,PT,2022-06-12 22:45:38,38.1401,-7.4486,78.91,31,0,12.35
355,Boguchany,RU,2022-06-12 22:45:39,58.3814,97.4531,62.82,92,89,3.42
356,Nuuk,GL,2022-06-12 22:45:39,64.1835,-51.7216,31.87,73,100,13.0
357,Mayumba,GA,2022-06-12 22:45:40,-3.432,10.6554,74.89,89,2,6.15
358,Codrington,AU,2022-06-12 22:45:40,-38.2667,141.9667,53.65,82,99,4.23
359,Champerico,GT,2022-06-12 22:45:41,14.3,-91.9167,77.54,70,74,2.73
360,Kyabe,TD,2022-06-12 22:45:41,9.4515,18.9449,75.13,79,100,10.13
361,Bubaque,GW,2022-06-12 22:45:42,11.2833,-15.8333,80.71,80,73,11.83
362,Portland,US,2022-06-12 22:41:23,45.5234,-122.6762,59.22,82,100,8.05
363,Viransehir,TR,2022-06-12 22:45:42,37.2353,39.7631,70.72,49,0,8.9
364,Chuy,UY,2022-06-12 22:45:43,-33.6971,-53.4616,47.86,91,2,6.51
365,Tengzhou,CN,2022-06-12 22:46:44,35.0771,117.1518,73.02,72,54,8.16
366,Cooma,AU,2022-06-12 22:46:44,-36.2333,149.1333,37.17,93,100,5.75
367,Caravelas,BR,2022-06-12 22:46:45,-17.7125,-39.2481,72.99,89,100,4.65
368,Olinda,BR,2022-06-12 22:46:46,-8.0089,-34.8553,78.53,83,0,6.91
369,Orneta,PL,2022-06-12 22:46:46,54.1148,20.1333,54.16,89,91,5.68
370,Huarmey,PE,2022-06-12 22:46:47,-10.0681,-78.1522,65.52,79,14,11.88
371,Esil,KZ,2022-06-12 22:46:48,51.9556,66.4042,59.16,80,93,2.26
372,Vaitape,PF,2022-06-12 22:46:48,-16.5167,-151.75,79.84,74,42,23.58
373,Killybegs,IE,2022-06-12 22:46:49,54.6333,-8.45,52.27,87,98,15.12
374,Chara,RU,2022-06-12 22:46:49,56.9064,118.2631,58.1,52,4,1.79
375,Buzmeyin,TM,2022-06-12 22:46:49,38.0507,58.2056,74.93,53,20,0.0
376,Klyuchi,RU,2022-06-12 22:46:50,52.2667,79.1667,69.6,43,99,5.64
377,Corinto,GR,2022-06-12 22:46:51,37.9407,22.9573,74.41,66,27,3.15
378,Olga,RU,2022-06-12 22:46:51,43.7444,135.2892,57.42,69,61,4.03
379,Tazovskiy,RU,2022-06-12 22:46:52,67.4667,78.7,54.18,86,100,10.49
380,Salalah,OM,2022-06-12 22:46:52,17.0151,54.0924,86.09,84,75,5.75
381,Kargil,IN,2022-06-12 22:46:53,34.5667,76.1,49.35,52,68,5.37
382,Pontianak,ID,2022-06-12 22:46:53,-0.0333,109.3333,75.18,94,20,3.44
383,Filadelfia,US,2022-06-12 22:43:18,39.9523,-75.1638,78.22,80,75,12.66
384,Kavaratti,IN,2022-06-12 22:46:54,10.5669,72.642,82.92,71,100,20.02
385,Iskateley,RU,2022-06-12 22:46:54,67.6803,53.1512,45.34,58,71,7.09
386,Foki,RU,2022-06-12 22:46:55,56.693,54.3499,48.76,96,97,5.41
387,Shingu,JP,2022-06-12 22:46:55,33.7333,135.9833,71.06,48,100,4.72
388,Santa Fe,AR,2022-06-12 22:46:56,-31.6333,-60.7,59.02,57,0,1.01
389,Astana,KZ,2022-06-12 22:44:48,51.1801,71.446,57.15,67,0,4.47
390,Na Wa,TH,2022-06-12 22:46:57,17.4897,104.1006,77.43,88,100,1.81
391,Ust-Nera,RU,2022-06-12 22:46:57,64.5667,143.2,59.2,44,8,5.57
392,Wau,SS,2022-06-12 22:46:57,7.7029,27.9953,73.4,76,44,3.96
393,Cayenne,GF,2022-06-12 22:46:58,4.9333,-52.3333,82.09,1,0,2.3
394,Pomabamba,PE,2022-06-12 22:46:58,-8.8333,-77.4667,52.99,57,33,3.87
395,Setubal,PT,2022-06-12 22:46:40,38.5244,-8.8882,74.55,58,3,3.74
396,Hamilton,US,2022-06-12 22:42:38,39.1834,-84.5333,82.26,77,0,9.22
397,Dali,CN,2022-06-12 22:46:59,25.7,100.1833,62.19,92,91,4.05
398,Mandera,KE,2022-06-12 22:46:59,3.9366,41.867,79.83,61,100,16.6
399,Griffith,US,2022-06-12 22:47:00,41.5284,-87.4237,77.49,79,75,8.05
400,Quesnel,CA,2022-06-12 22:45:24,52.9999,-122.5029,64.9,39,75,8.05
401,Shirgaon,IN,2022-06-12 22:47:00,19.7,72.7,82.78,78,69,13.76
402,Saldanha,ZA,2022-06-12 22:44:10,-33.0117,17.9442,57.25,91,100,16.4
403,Puerto Suarez,BO,2022-06-12 22:47:01,-18.95,-57.8,55.6,38,1,3.29
404,Wahiawa,US,2022-06-12 22:47:02,21.5028,-158.0236,82.15,60,0,14.97
405,Quatre Cocos,MU,2022-06-12 22:47:02,-20.2078,57.7625,71.71,78,94,17.11
406,Ilebo,CD,2022-06-12 22:47:03,-4.3167,20.5833,72.81,58,66,1.77
407,Krasnoarmeysk,RU,2022-06-12 22:47:03,51.0239,45.6969,53.4,85,1,6.29
408,Broken Hill,AU,2022-06-12 22:47:04,-31.95,141.4333,45.68,77,25,3.31
409,El Paso,US,2022-06-12 22:43:12,31.8001,-106.2005,104.7,9,40,11.5
410,Iqaluit,CA,2022-06-12 22:47:05,63.7506,-68.5145,42.53,65,100,17.27
411,Atar,MR,2022-06-12 22:48:05,20.5169,-13.0499,97.61,8,10,5.84
412,Mezen,RU,2022-06-12 22:48:06,65.8522,44.24,55.17,63,100,9.86
413,Nis,FR,2022-06-12 22:48:06,43.7031,7.2661,75.47,69,0,3.44
414,Encheng,CN,2022-06-12 22:48:07,22.1839,112.3026,82.96,84,100,6.02
415,Tabas,IR,2022-06-12 22:48:08,33.5959,56.9244,84.76,23,1,3.65
416,Stokmarknes,NO,2022-06-12 22:48:08,68.5646,14.9108,48.18,87,100,6.91
417,Aksu,CN,2022-06-12 22:48:09,41.1231,80.2644,79.45,17,92,6.24
418,Athabasca,CA,2022-06-12 22:48:09,54.7169,-113.2854,70.21,42,21,3.85
419,Canby,US,2022-06-12 22:48:10,45.2629,-122.6926,59.18,80,100,6.91
420,Luanda,AO,2022-06-12 22:47:38,-8.8368,13.2343,73.4,88,75,5.75
421,Elk River,US,2022-06-12 22:46:42,45.3038,-93.5672,81.46,66,87,5.99
422,Dongsheng,CN,2022-06-12 22:48:11,39.8161,109.9776,59.95,44,3,15.88
423,Taoudenni,ML,2022-06-12 22:48:11,22.6783,-3.9836,94.77,25,34,16.62
424,Kaitong,CN,2022-06-12 22:48:12,44.8135,123.15,65.53,78,93,18.34
425,Maningrida,AU,2022-06-12 22:48:12,-12.0667,134.2667,68.04,73,41,12.44
426,Ust-Koksa,RU,2022-06-12 22:48:13,50.2696,85.6108,59.2,82,99,0.89
427,Verkhnevilyuysk,RU,2022-06-12 22:48:13,63.4453,120.3167,52.83,82,75,6.17
428,Marawi,PH,2022-06-12 22:48:14,7.9986,124.2928,72.37,88,84,1.39
429,Manadhoo,MV,2022-06-12 22:48:15,5.7667,73.3833,82.42,77,100,7.47
430,Deputatskiy,RU,2022-06-12 22:48:15,69.3,139.9,59.67,38,0,17.92
431,Luis Correia,BR,2022-06-12 22:48:15,-2.8792,-41.6669,77.77,85,83,7.83
432,Kachug,RU,2022-06-12 22:48:16,53.9606,105.8817,60.33,54,100,1.19
433,Ambilobe,MG,2022-06-12 22:45:32,-13.2,49.05,66.72,85,24,3.47
434,Sahibganj,IN,2022-06-12 22:48:17,25.25,87.65,85.51,71,98,8.1
435,Nemuro,JP,2022-06-12 22:48:17,43.3236,145.575,46.18,96,100,18.32
436,Galesong,ID,2022-06-12 22:48:18,-5.3166,119.3661,75.22,91,100,7.34
437,Tiznit,MA,2022-06-12 22:48:18,29.5833,-9.5,72.41,67,38,2.59
438,Reading,GB,2022-06-12 22:48:19,51.4562,-0.9711,58.75,73,75,1.14
439,Inhambane,MZ,2022-06-12 22:48:19,-23.865,35.3833,66.78,84,1,3.6
440,Kapit,MY,2022-06-12 22:48:20,2.0167,112.9333,72.99,99,100,0.47
441,Krasnyy Chikoy,RU,2022-06-12 22:48:20,50.3643,108.7512,56.95,55,24,1.7
442,Goroka,PG,2022-06-12 22:48:20,-6.0834,145.3873,67.55,73,20,2.93
443,Doha,QA,2022-06-12 22:45:58,25.2867,51.5333,86.31,70,0,6.91
444,Guilin,CN,2022-06-12 22:48:21,25.2819,110.2864,73.51,99,100,1.68
445,Ternate,ID,2022-06-12 22:48:22,0.8,127.4,81.0,78,100,3.87
446,Tsumeb,NA,2022-06-12 22:48:22,-19.2333,17.7167,56.95,48,0,7.85
447,Samarai,PG,2022-06-12 22:48:22,-10.6167,150.6667,82.27,76,29,9.48
448,Douala,CM,2022-06-12 22:48:23,4.0483,9.7043,74.62,96,100,3.91
449,Gigmoto,PH,2022-06-12 22:48:23,13.7796,124.39,84.0,76,82,6.31
450,Merced,US,2022-06-12 22:45:19,37.1666,-120.7516,91.63,32,0,20.18
451,Cananeia,BR,2022-06-12 22:48:24,-25.0147,-47.9267,56.12,62,0,1.9
452,Ambulu,ID,2022-06-12 22:48:25,-8.345,113.6058,74.93,91,70,2.82
453,Hearst,CA,2022-06-12 22:48:25,49.6835,-83.6665,64.65,59,98,5.03
454,Qostanay,KZ,2022-06-12 22:48:26,53.1667,63.5833,53.89,82,40,11.18
455,Ejura,GH,2022-06-12 22:48:26,7.3856,-1.3562,72.16,90,55,4.65
456,Rimouski,CA,2022-06-12 22:45:01,48.4488,-68.524,66.38,86,100,7.9
457,Katsuura,JP,2022-06-12 22:49:27,35.1333,140.3,68.45,70,100,6.58
458,Ailigandi,PA,2022-06-12 22:49:27,9.2333,-78.0167,79.52,83,95,2.93
459,Rijeka,HR,2022-06-12 22:49:28,45.3431,14.4092,70.77,70,0,5.99
460,Kysyl-Syr,RU,2022-06-12 22:49:29,63.8986,122.7617,52.99,81,86,7.4
461,Gamba,GA,2022-06-12 22:49:29,-2.65,10.0,74.97,90,10,6.2
462,Hovd,MN,2022-06-12 22:49:29,48.0056,91.6419,68.74,37,0,6.02
463,Norman Wells,CA,2022-06-12 22:49:30,65.282,-126.8329,41.04,93,100,13.8
464,Curvelo,BR,2022-06-12 22:49:31,-18.7564,-44.4308,72.34,50,100,2.28
465,Agoura Hills,US,2022-06-12 22:49:31,34.1364,-118.7745,92.26,49,10,10.49
466,Thaba Nchu,ZA,2022-06-12 22:49:32,-29.2093,26.839,43.83,50,94,5.75
467,Warwick,US,2022-06-12 22:49:32,41.7001,-71.4162,72.55,76,100,13.8
468,Diplo,PK,2022-06-12 22:49:33,24.4667,69.584,83.55,70,6,7.78
469,Belaya Gora,RU,2022-06-12 22:49:33,68.5333,146.4167,68.7,32,7,9.75
470,Tahta,EG,2022-06-12 22:49:34,26.7693,31.5021,86.0,27,0,10.58
471,Monte Alegre,BR,2022-06-12 22:49:34,-2.0078,-54.0692,74.84,94,16,3.15
472,Abha,SA,2022-06-12 22:49:35,18.2164,42.5053,69.62,46,0,0.0
473,Vao,NC,2022-06-12 22:49:35,-22.6667,167.4833,71.35,75,100,8.01
474,Ukiah,US,2022-06-12 22:46:30,39.1502,-123.2078,69.69,66,20,9.22
475,Sao Teotonio,PT,2022-06-12 22:49:36,37.5128,-8.7071,67.98,58,0,2.75
476,Abu Dhabi,AE,2022-06-12 22:47:37,24.4667,54.3667,87.91,87,0,9.22
477,Kudahuvadhoo,MV,2022-06-12 22:49:37,2.6708,72.8944,83.41,71,100,8.3
478,Isla Mujeres,MX,2022-06-12 22:49:37,21.2311,-86.731,86.16,76,4,10.45
479,Dandong,CN,2022-06-12 22:49:38,40.1292,124.3947,68.11,77,100,7.52
480,Billings,US,2022-06-12 22:49:12,45.7833,-108.5007,65.97,68,100,12.66
481,Guantanamo,CU,2022-06-12 22:44:46,20.1444,-75.2092,85.57,62,39,5.59
482,Sao Miguel Do Araguaia,BR,2022-06-12 22:49:39,-13.275,-50.1628,77.65,45,94,5.77
483,Naryan-Mar,RU,2022-06-12 22:49:40,67.6713,53.087,45.55,58,73,7.16
484,Edd,ER,2022-06-12 22:49:40,13.9297,41.6925,88.11,60,100,6.62
485,Galle,LK,2022-06-12 22:49:41,6.0367,80.217,80.02,82,100,15.75
486,Southbridge,US,2022-06-12 22:49:41,42.0751,-72.0334,71.56,79,86,1.01
487,Bougouni,ML,2022-06-12 22:49:41,11.417,-7.479,83.61,58,81,8.61
488,Akhmeta,GE,2022-06-12 22:49:42,42.0311,45.2075,68.52,93,92,2.71
489,Smolenka,RU,2022-06-12 22:49:42,52.1352,113.4974,51.87,100,37,0.0
490,Ahome,MX,2022-06-12 22:49:42,25.9167,-109.1833,91.96,37,9,13.11
491,Tual,ID,2022-06-12 22:49:43,-5.6667,132.75,83.12,74,100,11.1
492,Ust-Ishim,RU,2022-06-12 22:49:43,57.6935,71.1665,52.63,99,79,5.93
493,Mundra,IN,2022-06-12 22:49:44,22.85,69.7333,84.15,68,12,4.18
494,Sikasso,ML,2022-06-12 22:49:44,10.9167,-7.0,81.95,63,96,5.5
495,Yaan,NG,2022-06-12 22:49:45,7.3833,8.5667,73.51,92,87,4.97
496,Aasiaat,GL,2022-06-12 22:49:45,68.7098,-52.8699,33.94,83,100,12.24
497,Skjervoy,NO,2022-06-12 22:49:46,70.0311,20.9714,44.6,80,96,5.95
498,Los Barrios,ES,2022-06-12 22:49:47,36.1848,-5.4921,73.24,60,20,18.41
499,Vostok,RU,2022-06-12 22:48:04,46.4856,135.8833,62.62,51,4,1.66
500,Black Diamond,US,2022-06-12 22:49:47,47.3087,-122.0032,58.98,88,100,1.99
501,Bulgan,MN,2022-06-12 22:50:48,48.8125,103.5347,60.46,48,50,1.34
502,Amaga,CO,2022-06-12 22:50:48,6.04,-75.7031,76.91,93,93,2.06
503,Guayanilla,PR,2022-06-12 22:50:48,18.0191,-66.7918,85.14,76,4,3.0
504,Ilovka,RU,2022-06-12 22:50:49,50.7053,38.637,62.71,96,100,6.49
505,Mosalsk,RU,2022-06-12 22:50:49,54.4881,34.9817,57.36,94,10,2.42
506,Port Hedland,AU,2022-06-12 22:50:50,-20.3167,118.5667,68.05,42,82,8.05
507,Carutapera,BR,2022-06-12 22:50:50,-1.195,-46.02,75.96,86,63,5.86
508,Buala,SB,2022-06-12 22:50:51,-8.145,159.5921,83.79,68,13,5.57
509,Balkhash,KZ,2022-06-12 22:50:52,46.844,74.9804,70.32,49,100,7.74
510,Otake,JP,2022-06-12 22:50:52,34.2,132.2167,69.24,60,75,12.66
511,Henties Bay,NA,2022-06-12 22:50:52,-22.116,14.2845,63.46,60,0,5.03
512,Acapulco,MX,2022-06-12 22:50:53,16.8634,-99.8901,84.65,68,37,9.24
513,Natal,BR,2022-06-12 22:46:01,-5.795,-35.2094,80.82,89,20,6.91
514,Aksarka,RU,2022-06-12 22:50:54,66.5606,67.7975,39.9,80,100,25.5
515,Cockburn Town,TC,2022-06-12 22:50:49,21.4612,-71.1419,84.16,70,40,18.41
516,Hambantota,LK,2022-06-12 22:50:55,6.1241,81.1185,80.38,78,90,15.82
517,Lazaro Cardenas,MX,2022-06-12 22:50:55,17.9583,-102.2,86.0,65,28,10.94
518,Carora,VE,2022-06-12 22:50:56,10.1755,-70.0827,78.21,64,100,13.13
519,Poli,TZ,2022-06-12 22:50:56,-3.3333,36.8,61.07,90,90,3.96
520,Mtinko,TZ,2022-06-12 22:50:57,-4.55,34.85,61.02,75,99,10.31
521,Sechura,PE,2022-06-12 22:50:57,-5.5569,-80.8222,69.08,66,26,17.94
522,Shaowu,CN,2022-06-12 22:50:58,27.3409,117.4831,71.98,100,100,2.44
523,Lasa,IT,2022-06-12 22:50:58,46.6166,10.7002,65.28,61,1,2.91
524,Paamiut,GL,2022-06-12 22:50:59,61.994,-49.6678,35.74,79,83,24.47
525,Morristown,US,2022-06-12 22:50:22,36.214,-83.2949,86.05,63,0,4.61
526,Carroll,US,2022-06-12 22:50:59,39.5501,-77.0164,81.27,62,72,4.0
527,Porbandar,IN,2022-06-12 22:51:00,21.6422,69.6093,83.48,73,62,4.03
528,Dingle,PH,2022-06-12 22:51:00,10.9995,122.6711,80.33,82,76,2.35
529,Englehart,CA,2022-06-12 22:51:00,47.8169,-79.8664,59.56,67,100,10.36
530,Raga,SS,2022-06-12 22:51:01,8.4596,25.678,71.29,87,72,4.59
531,Araouane,ML,2022-06-12 22:51:01,18.9048,-3.5265,90.82,27,18,15.64
532,Eskilstuna,SE,2022-06-12 22:51:02,59.3666,16.5077,56.98,77,59,11.99
533,Dong Xoai,VN,2022-06-12 22:51:02,11.5333,106.9167,74.25,95,88,2.86
534,Jackson,US,2022-06-12 22:48:30,42.4165,-122.8345,57.02,76,100,3.24
535,Porto Novo,BJ,2022-06-12 22:50:07,6.4965,2.6036,77.0,86,97,6.13
536,Kedrovyy,RU,2022-06-12 22:51:03,56.1667,91.8167,64.81,94,31,4.16
537,Usinsk,RU,2022-06-12 22:51:04,65.9939,57.5281,40.39,58,0,9.8
538,Peniche,PT,2022-06-12 22:51:04,39.3558,-9.3811,66.11,91,7,8.7
539,Galt,US,2022-06-12 22:51:05,38.2546,-121.3,85.68,56,40,19.62
540,Severo-Kurilsk,RU,2022-06-12 22:51:05,50.6789,156.125,45.3,86,39,9.1
541,Bandarbeyla,SO,2022-06-12 22:51:06,9.4942,50.8122,79.32,76,88,28.19
542,Grootfontein,NA,2022-06-12 22:51:06,-19.5667,18.1167,42.37,75,0,1.14
543,Egvekinot,RU,2022-06-12 22:51:07,66.3167,-179.1667,43.86,42,100,1.05
544,Gat,IL,2022-06-12 22:51:07,31.61,34.7642,74.08,100,31,7.78
545,Pokrovskoye,RU,2022-06-12 22:51:08,47.4157,38.8971,70.02,59,9,11.59
546,Trairi,BR,2022-06-12 22:49:30,-3.2778,-39.2689,76.44,82,63,6.96
547,Hongjiang,CN,2022-06-12 22:51:08,27.11,109.9956,68.72,99,100,2.48
548,Bontang,ID,2022-06-12 22:52:09,0.1333,117.5,76.12,90,100,3.56
549,Aklavik,CA,2022-06-12 22:52:09,68.2191,-135.0107,43.92,70,96,13.89
550,Ostrovnoy,RU,2022-06-12 22:52:10,68.0531,39.5131,53.74,83,100,12.1
551,Sijunjung,ID,2022-06-12 22:52:11,-0.6876,100.9537,71.04,98,100,1.9
552,Albox,ES,2022-06-12 22:52:11,37.3886,-2.1495,73.33,24,71,0.69
553,Oriximina,BR,2022-06-12 22:52:12,-1.7656,-55.8661,75.42,92,40,1.88
554,Prince Albert,CA,2022-06-12 22:52:13,53.2001,-105.7677,75.15,38,100,3.44
555,Muvattupula,IN,2022-06-12 22:52:13,9.9667,76.5833,74.95,94,100,1.03
556,Macia,MZ,2022-06-12 22:52:14,-25.0269,33.0989,57.25,78,0,5.73
557,Datong,CN,2022-06-12 22:52:14,40.0936,113.2914,64.98,42,33,7.23
558,Benjamin Hill,MX,2022-06-12 22:52:14,30.1667,-111.1,103.86,16,3,9.69
559,Rosendal,NO,2022-06-12 22:52:15,59.9867,6.0135,51.51,90,92,6.49
560,Pafos,CY,2022-06-12 22:52:15,34.7667,32.4167,73.18,78,40,11.5
561,Upata,VE,2022-06-12 22:52:16,8.0086,-62.3989,72.19,96,96,4.09
562,Marang,MY,2022-06-12 22:52:16,5.2056,103.2059,76.93,88,99,2.98
563,Umm Lajj,SA,2022-06-12 22:52:17,25.0213,37.2685,83.14,70,0,4.5
564,Ugra,RU,2022-06-12 22:52:18,54.7777,34.3267,56.7,96,10,1.41
565,Banepa,NP,2022-06-12 22:52:18,27.6298,85.5214,66.52,94,75,8.05
566,Spornoye,RU,2022-06-12 22:52:19,50.8448,37.2913,59.05,93,51,6.82
567,Puerto Madero,MX,2022-06-12 22:52:19,14.7208,-92.4215,80.53,76,88,1.9
568,Buraydah,SA,2022-06-12 22:52:20,26.326,43.975,90.05,11,0,8.84
569,Aviles,ES,2022-06-12 22:52:20,43.5547,-5.9248,63.79,91,75,4.61
570,Glushkovo,RU,2022-06-12 22:52:21,51.3392,34.6328,58.48,90,18,4.09
571,Bonfim,BR,2022-06-12 22:51:13,3.0833,-59.95,73.22,90,90,4.74
572,Sao Jose Do Belmonte,BR,2022-06-12 22:48:10,-7.8614,-38.7597,73.06,80,85,5.32
